insert into User (User_name, Email_id, Mobile_No, Password) VALUES
('Priyanka Kadam', 'priyanka@gmail.com', '9876543210', 'pass123'),
('Saniya Teravkar', 'saniya@gmail.com', '9876543211', 'pass234'),
('Santoshi Deshmukh', 'santoshi@gmail.com', '9876543212', 'pass345'),
('Ankita Padwal', 'ankita@gmail.com', '9876543213', 'pass456'),
('Saurabh Shinde', 'saurabh@gmail.com', '9876543214', 'pass567'),
('Riddhi Bhavke', 'riddhi@gmail.com', '9876543215', 'pass678'),
('Mahesh Kadam', 'mahesh@gmail.com', '9876543216', 'pass789'),
('Vishal Mohite', 'vishal@gmail.com', '9876543217', 'pass890'),
('Shital Patil', 'shital@gmail.com', '9876543218', 'pass901'),
('Arati Yele', 'arati@gmail.com', '9876543219', 'pass012');


insert into Wallet (UserID, Balance) VALUES
(1, 500.00),
(2, 600.00),
(3, 70.00),
(4, 800.00),
(5, 900.00),
(6, 1000.00),
(7, 100.00),
(8, 120.00),
(9, 1300.00),
(10, 1400.00);


insert into Train_Category (Train_Category) VALUES
('Local'),('Express'),('Superfast');

insert into Train (Train_Name, Train_Number, CategoryID) VALUES
('Mumbai Express','MUM123',2),
('Navi Mumbai Local','NM456',1);

insert into Station (Station_Name, Station_Code) VALUES
('Chhatrapati Shivaji Maharaj Terminals','CSMT'),
('Vashi','VSH'),
('Sanpada','SNP'),
('Nerul','NER'),
('Panvel','PNVL');

insert into Route (TrainID, SourceStationID, DestinationStationID, Distance_km, Departure_Time, Arrival_Time) VALUES
(1,1,5,50,'2025-10-04 08:00:00','2025-10-04 09:30:00'),
(2,2,5,30,'2025-10-04 10:00:00','2025-10-04 11:15:00'),
(1,1,5,50,'2025-10-05 08:00:00','2025-10-05 09:30:00'),
(2,2,5,30,'2025-10-05 10:00:00','2025-10-05 11:15:00'),
(1,1,5,50,'2025-10-06 08:00:00','2025-10-06 09:30:00'),
(2,2,5,30,'2025-10-06 10:00:00','2025-10-06 11:15:00'),
(1,1,5,50,'2025-10-07 08:00:00','2025-10-07 09:30:00'),
(2,2,5,30,'2025-10-07 10:00:00','2025-10-07 11:15:00');


insert into Route_Stations (RouteID, StationID, Sequence_No, Arrival_Time, Departure_Time) VALUES
(1,1,1,'2025-10-04 08:00:00','2025-10-04 08:05:00'),
(1,2,2,'2025-10-04 08:25:00','2025-10-04 08:30:00'),
(1,3,3,'2025-10-04 08:50:00','2025-10-04 08:55:00'),
(1,4,4,'2025-10-04 09:10:00','2025-10-04 09:15:00'),
(1,5,5,'2025-10-04 09:30:00','2025-10-04 09:35:00'),
(2,2,1,'2025-10-04 10:00:00','2025-10-04 10:05:00'),
(2,3,2,'2025-10-04 10:25:00','2025-10-04 10:30:00'),
(2,4,3,'2025-10-04 10:50:00','2025-10-04 10:55:00'),
(2,5,4,'2025-10-04 11:10:00','2025-10-04 11:15:00'),

(3,1,1,'2025-10-05 08:00:00','2025-10-05 08:05:00'),
(3,2,2,'2025-10-05 08:25:00','2025-10-05 08:30:00'),
(3,3,3,'2025-10-05 08:50:00','2025-10-05 08:55:00'),
(3,4,4,'2025-10-05 09:10:00','2025-10-05 09:15:00'),
(3,5,5,'2025-10-05 09:30:00','2025-10-05 09:35:00'),
(4,2,1,'2025-10-05 10:00:00','2025-10-05 10:05:00'),
(4,3,2,'2025-10-05 10:25:00','2025-10-05 10:30:00'),
(4,4,3,'2025-10-05 10:50:00','2025-10-05 10:55:00'),
(4,5,4,'2025-10-05 11:10:00','2025-10-05 11:15:00'),

(5,1,1,'2025-10-06 08:00:00','2025-10-06 08:05:00'),
(5,2,2,'2025-10-06 08:25:00','2025-10-06 08:30:00'),
(5,3,3,'2025-10-06 08:50:00','2025-10-06 08:55:00'),
(5,4,4,'2025-10-06 09:10:00','2025-10-06 09:15:00'),
(5,5,5,'2025-10-06 09:30:00','2025-10-06 09:35:00'),
(6,2,1,'2025-10-06 10:00:00','2025-10-06 10:05:00'),
(6,3,2,'2025-10-06 10:25:00','2025-10-06 10:30:00'),
(6,4,3,'2025-10-06 10:50:00','2025-10-06 10:55:00'),
(6,5,4,'2025-10-06 11:10:00','2025-10-06 11:15:00'),

(7,1,1,'2025-10-07 08:00:00','2025-10-07 08:05:00'),
(7,2,2,'2025-10-07 08:25:00','2025-10-07 08:30:00'),
(7,3,3,'2025-10-07 08:50:00','2025-10-07 08:55:00'),
(7,4,4,'2025-10-07 09:10:00','2025-10-07 09:15:00'),
(7,5,5,'2025-10-07 09:30:00','2025-10-07 09:35:00'),
(8,2,1,'2025-10-07 10:00:00','2025-10-07 10:05:00'),
(8,3,2,'2025-10-07 10:25:00','2025-10-07 10:30:00'),
(8,4,3,'2025-10-07 10:50:00','2025-10-07 10:55:00'),
(8,5,4,'2025-10-07 11:10:00','2025-10-07 11:15:00');

insert into Ticket (UserID, Wallet_id, RouteID, Ticket_Type, Ticket_Mode, Journey_Date, Ticket_Price, Status) VALUES
(1,1,1,'season','digital','2025-10-04',150,'active'),
(2,2,2,'normal','paper','2025-10-04',100,'pending'),
(3,3,3,'normal','digital','2025-10-05',120,'pending'),
(4,4,4,'return','paper','2025-10-05',130,'pending'),
(5,5,5,'season','digital','2025-10-06',250,'active'),
(6,6,6,'normal','digital','2025-10-06',180,'pending'),
(7,7,7,'normal','paper','2025-10-07',140,'pending'),
(8,8,8,'return','digital','2025-10-07',160,'pending'),
(9,9,3,'season','digital','2025-10-05',190,'expired'),
(10,10,5,'season','paper','2025-10-06',200,'pending');

insert into Season_Ticket (TicketID, Start_Date, End_Date) VALUES
(1, '2025-10-04', '2025-11-03'),  
(5, '2025-10-06', '2025-11-05'),   
(9, '2025-09-01', '2025-10-01'), 
(10, '2025-10-06', '2025-11-05');  

insert into Payment (TicketID, UserID, Amount, Method, Status) VALUES
(1, 1, 150.00, 'UPI', 'Success'),
(2, 2, 100.00, 'Cash', 'Failed'),
(3, 3, 120.00, 'UPI', 'Success'),
(4, 4, 130.00, 'Cash', 'Success'),
(5, 5, 250.00, 'UPI', 'Success'),
(6, 6, 180.00, 'UPI', 'Pending'),
(7, 7, 140.00, 'Cash', 'Success'),
(8, 8, 160.00, 'UPI', 'Success'),
(9, 9, 190.00, 'Cash', 'Failed'),
(10, 10, 200.00, 'UPI', 'Success');

insert into Quick_Booking (UserID, TicketID, Booking_Date) VALUES
(1, 1, '2025-10-04 08:10:00'),
(2, 2, '2025-10-05 10:05:00'),
(3, 3, '2025-10-05 10:55:00'),
(4, 4, '2025-10-05 11:20:00'),
(5, 5, '2025-10-06 09:05:00');

insert into Feedback (UserID, Comment, Rating, Created_At) VALUES
(1, 'Great service!', 5, '2025-10-04 09:00:00'),
(2, 'Satisfactory.', 4, '2025-10-05 11:45:00'),
(3, 'Very good.', 5, '2025-10-05 12:00:00');

insert into QR_Booking (TicketID, QR_Scanned) VALUES
(1, '2025-10-04 08:15:00'),
(5, '2025-10-06 09:15:00'),
(9, '2025-10-05 10:15:00');
